
<filter>
	<rule>
		<source>
			<any/>
		</source>
		<interface>wan</interface>
		<protocol>tcp</protocol>
		<destination>
			<address>192.168.3.104</address>
			<port>443</port>
		</destination>
		<descr><![CDATA[NAT Microsoft ADFS]]></descr>
		<associated-rule-id>nat_54d91ce4353af4.21796019</associated-rule-id>
		<created>
			<time>1423514852</time>
			<username>NAT Port Forward</username>
		</created>
	</rule>
	<rule>
		<source>
			<any/>
		</source>
		<interface>wan</interface>
		<protocol>tcp</protocol>
		<destination>
			<address>192.168.3.104</address>
			<port>49443</port>
		</destination>
		<descr><![CDATA[NAT Microsoft ADFS Smart Card]]></descr>
		<associated-rule-id>nat_54f0b4f26dcec9.14901645</associated-rule-id>
		<created>
			<time>1425061106</time>
			<username>NAT Port Forward</username>
		</created>
	</rule>
	<rule>
		<id/>
		<tracker>1427827135</tracker>
		<type>pass</type>
		<interface>wan</interface>
		<ipprotocol>inet</ipprotocol>
		<tag/>
		<tagged/>
		<max/>
		<max-src-nodes/>
		<max-src-conn/>
		<max-src-states/>
		<statetimeout/>
		<statetype>keep state</statetype>
		<os/>
		<protocol>icmp</protocol>
		<source>
			<network>wan</network>
		</source>
		<destination>
			<any/>
		</destination>
		<disabled/>
		<descr><![CDATA[Allow ICMP for Debugging]]></descr>
		<created>
			<time>1427827135</time>
			<username>admin@192.168.2.200</username>
		</created>
		<updated>
			<time>1427989110</time>
			<username>admin@192.168.2.200</username>
		</updated>
	</rule>
	<rule>
		<id/>
		<tracker>1427989721</tracker>
		<type>block</type>
		<interface>lan</interface>
		<ipprotocol>inet</ipprotocol>
		<tag/>
		<tagged/>
		<max/>
		<max-src-nodes/>
		<max-src-conn/>
		<max-src-states/>
		<statetimeout/>
		<statetype>keep state</statetype>
		<os/>
		<source>
			<any/>
		</source>
		<destination>
			<network>opt1</network>
		</destination>
		<log/>
		<descr><![CDATA[Block to MGMT]]></descr>
		<created>
			<time>1427989721</time>
			<username>admin@192.168.2.200</username>
		</created>
		<updated>
			<time>1427989946</time>
			<username>admin@192.168.2.200</username>
		</updated>
	</rule>
	<rule>
		<id/>
		<type>pass</type>
		<interface>lan</interface>
		<ipprotocol>inet</ipprotocol>
		<tag/>
		<tagged/>
		<max/>
		<max-src-nodes/>
		<max-src-conn/>
		<max-src-states/>
		<statetimeout/>
		<statetype>keep state</statetype>
		<os/>
		<protocol>tcp/udp</protocol>
		<source>
			<network>lan</network>
		</source>
		<destination>
			<any/>
		</destination>
		<descr><![CDATA[Default allow LAN to any rule]]></descr>
		<updated>
			<time>1423260679</time>
			<username>admin@192.168.2.200</username>
		</updated>
		<tracker>1423260922</tracker>
	</rule>
	<rule>
		<id/>
		<tracker>1423260923</tracker>
		<type>pass</type>
		<interface>opt1</interface>
		<ipprotocol>inet</ipprotocol>
		<tag/>
		<tagged/>
		<max/>
		<max-src-nodes/>
		<max-src-conn/>
		<max-src-states/>
		<statetimeout/>
		<statetype>keep state</statetype>
		<os/>
		<protocol>tcp</protocol>
		<source>
			<network>opt1</network>
		</source>
		<destination>
			<network>opt1ip</network>
			<port>443</port>
		</destination>
		<descr><![CDATA[This pfSense Web Interface Anti-Lockout]]></descr>
		<created>
			<time>1423260379</time>
			<username>admin@192.168.2.200</username>
		</created>
		<updated>
			<time>1427990518</time>
			<username>admin@192.168.2.200</username>
		</updated>
	</rule>
	<rule>
		<id/>
		<tracker>1423260924</tracker>
		<type>pass</type>
		<interface>opt1</interface>
		<ipprotocol>inet</ipprotocol>
		<tag/>
		<tagged/>
		<max/>
		<max-src-nodes/>
		<max-src-conn/>
		<max-src-states/>
		<statetimeout/>
		<statetype>keep state</statetype>
		<os/>
		<protocol>tcp/udp</protocol>
		<source>
			<network>opt1</network>
		</source>
		<destination>
			<any/>
		</destination>
		<descr><![CDATA[Default Allow Any]]></descr>
		<created>
			<time>1423260607</time>
			<username>admin@192.168.2.200</username>
		</created>
		<updated>
			<time>1427990538</time>
			<username>admin@192.168.2.200</username>
		</updated>
	</rule>
	<rule>
		<id/>
		<tracker>1423520805</tracker>
		<type>pass</type>
		<interface>opt2</interface>
		<ipprotocol>inet</ipprotocol>
		<tag/>
		<tagged/>
		<max/>
		<max-src-nodes/>
		<max-src-conn/>
		<max-src-states/>
		<statetimeout/>
		<statetype>keep state</statetype>
		<os/>
		<protocol>tcp/udp</protocol>
		<source>
			<address>192.168.3.104</address>
		</source>
		<destination>
			<address>192.168.1.10</address>
			<port>53</port>
		</destination>
		<descr><![CDATA[Internal DNS Name Resolution]]></descr>
		<created>
			<time>1423520805</time>
			<username>admin@192.168.2.200</username>
		</created>
		<updated>
			<time>1423521165</time>
			<username>admin@192.168.2.200</username>
		</updated>
	</rule>
	<rule>
		<id/>
		<tracker>1425061416</tracker>
		<type>pass</type>
		<interface>opt2</interface>
		<ipprotocol>inet</ipprotocol>
		<tag/>
		<tagged/>
		<max/>
		<max-src-nodes/>
		<max-src-conn/>
		<max-src-states/>
		<statetimeout/>
		<statetype>keep state</statetype>
		<os/>
		<protocol>tcp/udp</protocol>
		<source>
			<address>192.168.3.104</address>
		</source>
		<destination>
			<address>192.168.1.20</address>
			<port>443</port>
		</destination>
		<descr><![CDATA[ADFS Sync through WAP]]></descr>
		<updated>
			<time>1425061416</time>
			<username>admin@192.168.2.200</username>
		</updated>
		<created>
			<time>1425061416</time>
			<username>admin@192.168.2.200</username>
		</created>
	</rule>
	<rule>
		<id/>
		<tracker>1423260925</tracker>
		<type>block</type>
		<interface>opt2</interface>
		<ipprotocol>inet</ipprotocol>
		<tag/>
		<tagged/>
		<max/>
		<max-src-nodes/>
		<max-src-conn/>
		<max-src-states/>
		<statetimeout/>
		<statetype>keep state</statetype>
		<os/>
		<source>
			<any/>
		</source>
		<destination>
			<network>opt1</network>
		</destination>
		<descr><![CDATA[Block to MGMT]]></descr>
		<created>
			<time>1423260778</time>
			<username>admin@192.168.2.200</username>
		</created>
		<updated>
			<time>1427989962</time>
			<username>admin@192.168.2.200</username>
		</updated>
	</rule>
	<rule>
		<id/>
		<tracker>1423260926</tracker>
		<type>block</type>
		<interface>opt2</interface>
		<ipprotocol>inet</ipprotocol>
		<tag/>
		<tagged/>
		<max/>
		<max-src-nodes/>
		<max-src-conn/>
		<max-src-states/>
		<statetimeout/>
		<statetype>keep state</statetype>
		<os/>
		<source>
			<any/>
		</source>
		<destination>
			<network>lan</network>
		</destination>
		<descr><![CDATA[Block to LAN]]></descr>
		<created>
			<time>1423260800</time>
			<username>admin@192.168.2.200</username>
		</created>
		<updated>
			<time>1427989974</time>
			<username>admin@192.168.2.200</username>
		</updated>
	</rule>
	<rule>
		<id/>
		<type>pass</type>
		<interface>opt2</interface>
		<ipprotocol>inet</ipprotocol>
		<tag/>
		<tagged/>
		<max/>
		<max-src-nodes/>
		<max-src-conn/>
		<max-src-states/>
		<statetimeout/>
		<statetype>keep state</statetype>
		<os/>
		<protocol>tcp/udp</protocol>
		<source>
			<network>opt2</network>
		</source>
		<destination>
			<any/>
		</destination>
		<descr><![CDATA[Default allow DMZ to any rule]]></descr>
		<updated>
			<time>1423260710</time>
			<username>admin@192.168.2.200</username>
		</updated>
		<created>
			<time>1423260710</time>
			<username>admin@192.168.2.200</username>
		</created>
		<tracker>1423260927</tracker>
	</rule>
</filter>
