
<interfaces>
	<wan>
		<enable/>
		<if>em0</if>
		<descr><![CDATA[WAN]]></descr>
		<ipaddr>10.33.1.105</ipaddr>
		<subnet>24</subnet>
		<gateway>GW_WAN</gateway>
		<spoofmac/>
	</wan>
	<lan>
		<enable/>
		<if>em1</if>
		<ipaddr>192.168.1.1</ipaddr>
		<subnet>24</subnet>
		<ipaddrv6>track6</ipaddrv6>
		<subnetv6>64</subnetv6>
		<media/>
		<mediaopt/>
		<track6-interface>wan</track6-interface>
		<track6-prefix-id>0</track6-prefix-id>
	</lan>
	<opt1>
		<if>em2</if>
		<descr><![CDATA[MGMT]]></descr>
		<enable/>
		<ipaddr>192.168.2.1</ipaddr>
		<subnet>24</subnet>
		<spoofmac/>
	</opt1>
	<opt2>
		<if>em3</if>
		<descr><![CDATA[DMZ]]></descr>
		<enable/>
		<ipaddr>192.168.3.1</ipaddr>
		<subnet>24</subnet>
		<spoofmac/>
	</opt2>
</interfaces>
