
<nat>
	<outbound>
		<mode>automatic</mode>
	</outbound>
	<rule>
		<source>
			<any/>
		</source>
		<destination>
			<address>10.33.1.104</address>
			<port>443</port>
		</destination>
		<protocol>tcp</protocol>
		<target>192.168.3.104</target>
		<local-port>443</local-port>
		<interface>wan</interface>
		<descr><![CDATA[Microsoft ADFS]]></descr>
		<associated-rule-id>nat_54d91ce4353af4.21796019</associated-rule-id>
		<created>
			<time>1423514852</time>
			<username>admin@192.168.2.200</username>
		</created>
		<updated>
			<time>1425061139</time>
			<username>admin@192.168.2.200</username>
		</updated>
	</rule>
	<rule>
		<source>
			<any/>
		</source>
		<destination>
			<address>10.33.1.104</address>
			<port>49443</port>
		</destination>
		<protocol>tcp</protocol>
		<target>192.168.3.104</target>
		<local-port>49443</local-port>
		<interface>wan</interface>
		<descr><![CDATA[Microsoft ADFS Smart Card]]></descr>
		<associated-rule-id>nat_54f0b4f26dcec9.14901645</associated-rule-id>
		<created>
			<time>1425061106</time>
			<username>admin@192.168.2.200</username>
		</created>
		<updated>
			<time>1425061121</time>
			<username>admin@192.168.2.200</username>
		</updated>
	</rule>
</nat>
