login,user_num,racf_id,fname,lname,email,location,bu,department,title,jobcode,previous_manager,supervisor,job_level,is_manager,job_status,is_terminated,cost_center,job_family,UID
JonITInfrUser,17,,Jon,ITInfrUser,JonITInfrUser@ES-IdAM-B1.TEST,Boston,US,Energy Marketing,EM Department Head,20401,,Ron3ITApplUser,6,TRUE,Full Time,0,C56001,204,
RonITApplUser,4,,Ron,ITApplUser,RonITApplUser@ES-IdAM-B1.TEST,Boston,US,Energy Marketing,EM Trader,20402,,JonITInfrUser,4,FALSE,Full Time,0,C56001,204,
Ron2ITApplUser,5,,Ron2,ITApplUser,Ron2ITApplUser@ES-IdAM-B1.TEST,Boston,US,Energy Marketing,Energy Marketing Representative,20403,,JonITInfrUser,3,FALSE,Full Time,0,C56001,204,
JimOTOpsInfrUser,32,,Jim,OTOpsInfrUser,JimOTOpsInfrUser@OT-ES-IdAM-B1.TEST,Boston,US,Energy Operations A,Ops Department Manager,30101,,Ron3ITApplUser,6,TRUE,Full Time,0,C56009,301,
Jim2OTOpsInfrUser,33,,Jim2,OTOpsInfrUser,Jim2OTOpsInfrUser@OT-ES-IdAM-B1.TEST,Boston,US,Energy Operations B,Ops Department Manager,30101,,Ron3ITApplUser,6,TRUE,Full Time,0,C56008,301,
HarryOTSCADATech,44,,Harry,OTSCADATech,HarryOTSCADATech@OT-ES-IdAM-B1.TEST,Boston,US,Energy Operations A,SCADA Tech,30103,,JimOTOpsInfrUser,3,FALSE,Full Time,0,C56009,301,
Harry2OTSCADATech,45,,Harry2,OTSCADATech,Harry2OTSCADATech@OT-ES-IdAM-B1.TEST,Boston,US,Energy Operations A,SCADA Tech,30103,,JimOTOpsInfrUser,3,FALSE,Full Time,0,C56009,301,
HarryOTEngSysTech,22,,Harry,OTEngSysTech,HarryOTEngSysTech@OT-ES-IdAM-B1.TEST,Boston,US,Energy Operations B,Energy Operations Technician,30102,,Jim2OTOpsInfrUser,4,FALSE,Full Time,0,C56008,301,
Harry2OTEngSysTech,23,,Harry2,OTEngSysTech,Harry2OTEngSysTech@OT-ES-IdAM-B1.TEST,Boston,US,Energy Operations B,Energy Operations Technician,30102,,Jim2OTOpsInfrUser,3,FALSE,Full Time,0,C56008,301,
TimITAppl,1,,Tim,ITAppl,TimITAppl@ES-IdAM-B1.TEST,Boston,US,Application Management,AM Department Manager,10101,,Ron3ITApplUser,6,TRUE,Full Time,0,C35004,101,
Tim2ITAppl,2,,Tim2,ITAppl,Tim2ITAppl@ES-IdAM-B1.TEST,Boston,US,Application Management,Application Administrator,10103,,TimITAppl,4,FALSE,Full Time,0,C35004,101,
Tim3ITAppl,3,,Tim3,ITAppl,Tim3ITAppl@ES-IdAM-B1.TEST,Boston,US,Application Management,Application Administrator,10103,,TimITAppl,4,FALSE,Full Time,0,C35004,101,
Ron3ITApplUser,6,,Ron3,ITApplUser,Ron3ITApplUser@ES-IdAM-B1.TEST,Boston,US,Executive Management,Managing Director,701,,directors,7,TRUE,Full Time,0,E10001,7,
JonITInfr_Admin,13,,JonI,ITInfr_Admin,JonITInfr_Admin@ES-IdAM-B1.TEST,Boston,US,Infrastructure Management,IM Department Manager,10101,,Ron3ITApplUser,6,TRUE,Full Time,0,C35001,101,
Don2ITInfr_Admin,7,,Don2,ITInfr_Admin,Don2ITInfr_Admin@ES-IdAM-B1.TEST,Boston,US,Infrastructure Management,Lead Infr Admin,10102,,JonITInfr_Admin,4,FALSE,Full Time,0,C35001,101,
Don3ITInfr_Admin,8,,Don3,ITInfr_Admin,Don3ITInfr_Admin@ES-IdAM-B1.TEST,Boston,US,Infrastructure Management,Sr Infr Admin,10102,,JonITInfr_Admin,3,FALSE,Full Time,0,C35001,101,
DonITInfr_Admin,9,,Don,ITInfr_Admin,DonITInfr_Admin@ES-IdAM-B1.TEST,Boston,US,Infrastructure Management,Principal Infr Admin,10199,,JonITInfr_Admin,5,FALSE,Full Time,0,C35099,101,
Jon2ITInfr_Admin,14,,Jon2,ITInfr_Admin,Jon2ITInfr_Admin@ES-IdAM-B1.TEST,Boston,US,Infrastructure Management,Sr Infr Admin,10102,,JonITInfr_Admin,3,FALSE,Full Time,0,C35001,101,
Jon3ITInfr_Admin,15,,Jon3,ITInfr_Admin,Jon3ITInfr_Admin@ES-IdAM-B1.TEST,Boston,US,Infrastructure Management,Sr Infr Admin,10102,,JonITInfr_Admin,3,FALSE,Full Time,0,C35001,101,
Jon2ITInfrUser,18,,Jon2,ITInfrUser,Jon2ITInfrUser@ES-IdAM-B1.TEST,Boston,US,Executive Management,Executive Assistant,702,,Ron3ITApplUser,2,FALSE,Full Time,0,E10001,7,
Jon3ITInfrUser,19,,Jon3,ITInfrUser,Jon3ITInfrUser@ES-IdAM-B1.TEST,Boston,US,Executive Management,Business Startegist,703,,Ron3ITApplUser,5,FALSE,Full Time,0,E10002,7,
Don2PACSInfrMgr,72,,Don2,PACSInfrMgr,Don2PACSInfrMgr@PACS-ES-IdAM-B1.TEST,Boston,US,Infrastructure Management,Lead Infr Admin,10106,,JonITInfr_Admin,4,FALSE,Full Time,0,C35006,101,
Don3PACSInfrMgr,73,,Don3,PACSInfrMgr,Don3PACSInfrMgr@PACS-ES-IdAM-B1.TEST,Boston,US,Infrastructure Management,Sr Infr Admin,10106,,JonITInfr_Admin,3,FALSE,Full Time,0,C35006,101,
DonPACSApplMgr,66,,Don,PACSApplMgr,DonPACSApplMgr@PACS-ES-IdAM-B1.TEST,Boston,US,Application Management,Application Administrator,10107,,TimITAppl,4,FALSE,Full Time,0,C35004,101,
Don2PACSApplMgr,67,,Don2,PACSApplMgr,Don2PACSApplMgr@PACS-ES-IdAM-B1.TEST,Boston,US,Application Management,Application Administrator,10107,,TimITAppl,4,FALSE,Full Time,0,C35004,101,
Don3PACSApplMgr,68,,Don3,PACSApplMgr,Don3PACSApplMgr@PACS-ES-IdAM-B1.TEST,Boston,US,Application Management,Application Administrator,10107,,TimITAppl,3,FALSE,Full Time,0,C35004,101,
RonOTOpsInfrAdmin,29,,Ron,OTOpsInfrAdmin,RonOTOpsInfrAdmin@OT-ES-IdAM-B1.TEST,Boston,US,Infrastructure Management,Lead Infr Admin,10104,,JonITInfr_Admin,4,FALSE,Full Time,0,C35004,101,
Ron2OTOpsInfrAdmin,30,,Ron2,OTOpsInfrAdmin,Ron2OTOpsInfrAdmin@OT-ES-IdAM-B1.TEST,Boston,US,Infrastructure Management,Lead Infr Admin,10104,,JonITInfr_Admin,4,FALSE,Full Time,0,C35004,101,
Ron3OTOpsInfrAdmin,31,,Ron3,OTOpsInfrAdmin,Ron3OTOpsInfrAdmin@OT-ES-IdAM-B1.TEST,Boston,US,Infrastructure Management,Sr Infr Admin,10104,,JonITInfr_Admin,3,FALSE,Full Time,0,C35004,101,
Jon2OTOps,25,,Jon2,OTOps,Jon2OTOps@OT-ES-IdAM-B1.TEST,Boston,US,Energy Operations B,Operator,30104,,Jim2OTOpsInfrUser,2,FALSE,Full Time,0,C56008,301,
Jon3OTOps,26,,Jon3,OTOps,Jon3OTOps@OT-ES-IdAM-B1.TEST,Boston,US,Energy Operations B,Operator,30104,,Jim2OTOpsInfrUser,2,FALSE,Full Time,0,C56008,301,
Don2OTOpsAdmin,27,,Don2,OTOpsAdmin,Don2OTOpsAdmin@OT-ES-IdAM-B1.TEST,Boston,US,Application Management,Application Administrator,10105,,TimITAppl,3,FALSE,Full Time,0,C35004,101,
Don3OTOpsAdmin,28,,Don3,OTOpsAdmin,Don3OTOpsAdmin@OT-ES-IdAM-B1.TEST,Boston,US,Application Management,Application Administrator,10105,,TimITAppl,3,FALSE,Full Time,0,C35004,101,
Harry3OTEngSysTech,24,,Harry3,OTEngSysTech,Harry3OTEngSysTech@OT-ES-IdAM-B1.TEST,Boston,US,Energy Operations B,Energy Operations Technician,30102,,Jim2OTOpsInfrUser,4,FALSE,Full Time,0,C56008,301,
DonOTOpsMgr,35,,Don,OTOpsMgr,DonOTOpsMgr@OT-ES-IdAM-B1.TEST,Boston,US,Energy Operations C,Ops Department Manager,30101,,Ron3ITApplUser,6,TRUE,Full Time,0,C56010,301,
Don2OTOpsMgr,36,,Don2,OTOpsMgr,Don2OTOpsMgr@OT-ES-IdAM-B1.TEST,Boston,US,Energy Operations C,Sr. Operator,30104,,DonOTOpsMgr,3,FALSE,Full Time,0,C56010,301,
Don3OTOpsMgr,37,,Don3,OTOpsMgr,Don3OTOpsMgr@OT-ES-IdAM-B1.TEST,Boston,US,Energy Operations C,Sr. Operator,30104,,DonOTOpsMgr,3,FALSE,Full Time,0,C56010,301,
JimOTOpsMgr,38,,Jim,OTOpsMgr,JimOTOpsMgr@OT-ES-IdAM-B1.TEST,Boston,US,Energy Operations C,Sr. Operator,30104,,DonOTOpsMgr,3,FALSE,Full Time,0,C56010,301,
Jim2OTOpsMgr,39,,Jim2,OTOpsMgr,Jim2OTOpsMgr@OT-ES-IdAM-B1.TEST,Boston,US,Energy Operations C,Sr. Operator,30104,,DonOTOpsMgr,3,FALSE,Full Time,0,C56010,301,
Jim3OTOpsMgr,40,,Jim3,OTOpsMgr,Jim3OTOpsMgr@OT-ES-IdAM-B1.TEST,Boston,US,Energy Operations C,Sr. Operator,30104,,DonOTOpsMgr,3,FALSE,Full Time,0,C56010,301,
RonOTOpsMgr,41,,Ron,OTOpsMgr,RonOTOpsMgr@OT-ES-IdAM-B1.TEST,Boston,US,Energy Operations C,Sr. Operator,30104,,DonOTOpsMgr,3,FALSE,Full Time,0,C56010,301,
Ron2OTOpsMgr,42,,Ron2,OTOpsMgr,Ron2OTOpsMgr@OT-ES-IdAM-B1.TEST,Boston,US,Energy Operations C,Sr. Operator,30104,,DonOTOpsMgr,3,FALSE,Full Time,0,C56010,301,
Ron3OTOpsMgr,43,,Ron3,OTOpsMgr,Ron3OTOpsMgr@OT-ES-IdAM-B1.TEST,Boston,US,Energy Operations C,Lead Operator,30104,,DonOTOpsMgr,3,FALSE,Full Time,0,C56010,301,
Jim3OTOpsInfrUser,34,,Jim3,OTOpsInfrUser,Jim3OTOpsInfrUser@OT-ES-IdAM-B1.TEST,Boston,US,Energy Operations D,Ops Department Manager,30101,,Ron3ITApplUser,6,TRUE,Full Time,0,C56011,301,
Harry3OTSCADATech,46,,Harry3,OTSCADATech,Harry3OTSCADATech@OT-ES-IdAM-B1.TEST,Boston,US,Energy Operations A,SCADA Tech,30103,,JimOTOpsInfrUser,3,FALSE,Full Time,0,C56009,301,
DonOTSubtech,47,,Don,OTSubTech,DonOTSubtech@OT-ES-IdAM-B1.TEST,Boston,US,Energy Operations D,Substation Technician,30105,,Jim3OTOpsInfrUser,2,FALSE,Full Time,0,C56009,301,
Don2OTSubtech,48,,Don2,OTSubTech,Don2OTSubtech@OT-ES-IdAM-B1.TEST,Boston,US,Energy Operations D,Substation Technician,30105,,Jim3OTOpsInfrUser,2,FALSE,Full Time,0,C56009,301,
Don3OTSubtech,49,,Don3,OTSubTech,Don3OTSubtech@OT-ES-IdAM-B1.TEST,Boston,US,Energy Operations D,Substation Technician,30105,,Jim3OTOpsInfrUser,3,FALSE,Full Time,0,C56009,301,
JonOTSubtech,50,,Jon,OTSubTech,JonOTSubtech@OT-ES-IdAM-B1.TEST,Boston,US,Energy Operations D,Substation Technician,30105,,Jim3OTOpsInfrUser,3,FALSE,Full Time,0,C56009,301,
Jon2OTSubtech,51,,Jon2,OTSubTech,Jon2OTSubtech@OT-ES-IdAM-B1.TEST,Boston,US,Energy Operations D,Substation Technician,30105,,Jim3OTOpsInfrUser,3,FALSE,Full Time,0,C56009,301,
Jon3OTSubtech,52,,Jon3,OTSubTech,Jon3OTSubtech@OT-ES-IdAM-B1.TEST,Boston,US,Energy Operations D,Substation Technician,30105,,Jim3OTOpsInfrUser,4,FALSE,Full Time,0,C56009,301,
RonOTSubtech,53,,Ron,OTSubTech,RonOTSubtech@OT-ES-IdAM-B1.TEST,Boston,US,Energy Operations D,Substation Technician,30105,,Jim3OTOpsInfrUser,4,FALSE,Full Time,0,C56009,301,
Ron2OTSubtech,54,,Ron2,OTSubTech,Ron2OTSubtech@OT-ES-IdAM-B1.TEST,Boston,US,Energy Operations D,Substation Technician,30105,,Jim3OTOpsInfrUser,4,FALSE,Full Time,0,C56009,301,
Ron3OTSubtech,55,,Ron3,OTSubTech,Ron3OTSubtech@OT-ES-IdAM-B1.TEST,Boston,US,Energy Operations D,Substation Technician,30105,,Jim3OTOpsInfrUser`,4,FALSE,Full Time,0,C56009,301,
DonPACS_Admin,57,,Don,PACS_Admin,DonPACS_Admin@PACS-ES-IdAM-B1.TEST,Boston,US,Access Management,Physical Access Management specialist,50102,,RonPACSInfrUser,3,FALSE,Full Time,0,C43001,501,
Don2PACS_Admin,58,,Don2,PACS_Admin,Don2PACS_Admin@PACS-ES-IdAM-B1.TEST,Boston,US,Access Management,Physical Access Management specialist,50102,,RonPACSInfrUser,3,FALSE,Full Time,0,C43001,501,
Don3PACS_Admin,59,,Don3,PACS_Admin,Don3PACS_Admin@PACS-ES-IdAM-B1.TEST,Boston,US,Access Management,Physical Access Management specialist,50102,,RonPACSInfrUser,3,FALSE,Full Time,0,C43001,501,
RonPACS_Admin,60,,Ron,PACS_Admin,RonPACS_Admin@PACS-ES-IdAM-B1.TEST,Boston,US,Access Management,Physical Access Management specialist,50102,,RonPACSInfrUser,3,FALSE,Full Time,0,C43001,501,
Ron2PACS_Admin,61,,Ron2,PACS_Admin,Ron2PACS_Admin@PACS-ES-IdAM-B1.TEST,Boston,US,Access Management,Physical Access Management specialist,50102,,RonPACSInfrUser,3,FALSE,Full Time,0,C43001,501,
Ron3PACS_Admin,62,,Ron3,PACS_Admin,Ron3PACS_Admin@PACS-ES-IdAM-B1.TEST,Boston,US,Access Management,Physical Access Management specialist,50102,,RonPACSInfrUser,3,FALSE,Full Time,0,C43001,501,
TimPACS_Admin,63,,Tim,PACS_Admin,TimPACS_Admin@PACS-ES-IdAM-B1.TEST,Boston,US,Access Management,Physical Access Management specialist,50102,,RonPACSInfrUser,3,FALSE,Full Time,0,C43001,501,
Tim2PACS_Admin,64,,Tim2,PACS_Admin,Tim2PACS_Admin@PACS-ES-IdAM-B1.TEST,Boston,US,Access Management,Physical Access Management specialist,50102,,RonPACSInfrUser,3,FALSE,Full Time,0,C43001,501,
Tim3PACS_Admin,65,,Tim3,PACS_Admin,Tim3PACS_Admin@PACS-ES-IdAM-B1.TEST,Boston,US,Access Management,Physical Access Management specialist,50102,,RonPACSInfrUser,4,FALSE,Full Time,0,C43001,501,
RonPACSInfrUser,74,,Ron,PACSInfrUser,RonPACSInfrUser@PACS-ES-IdAM-B1.TEST,Boston,US,Access Management,Department Manager,50101,,Ron3ITApplUser,6,TRUE,Full Time,0,C43001,501,
JonPACSApplUser,69,,Jon,PACSApplUser,JonPACSApplUser@PACS-ES-IdAM-B1.TEST,Boston,US,Access Managemen,Security policy specialist,50103,,RonPACSInfrUser,3,FALSE,Full Time,0,C43001,501,
Jon2PACSApplUser,70,,Jon2,PACSApplUser,Jon2PACSApplUser@PACS-ES-IdAM-B1.TEST,Boston,US,Access Managemen,Security policy specialist,50103,,RonPACSInfrUser,3,FALSE,Full Time,0,C43001,501,
Jon3PACSApplUser,71,,Jon3,PACSApplUser,Jon3PACSApplUser@PACS-ES-IdAM-B1.TEST,Boston,US,Access Managemen,Security policy specialist,50103,,RonPACSInfrUser,3,FALSE,Full Time,0,C43001,501,
Ron2PACSInfrUser,75,,Ron2,PACSInfrUser,Ron2PACSInfrUser@PACS-ES-IdAM-B1.TEST,Boston,US,Access Management,Security Guard,50104,,RonPACSInfrUser,2,FALSE,Full Time,0,C43002,501,
Ron3PACSInfrUser,76,,Ron3,PACSInfrUser,Ron3PACSInfrUser@PACS-ES-IdAM-B1.TEST,Boston,US,Access Management,Security Guard,50104,,RonPACSInfrUser,2,FALSE,Full Time,0,C43002,501,
jbarron,119,C56010,Jeff,Barron,jbarron@anycompany.com,Miami,US,Information Technology,VP of Information Technology,60200,,datkins,2,TRUE,Full Time,0,C56001,602,Z419156
jbridges,603,C56038,Jacqueline,Bridges,jbridges@anycompany.com,New York,US,Human Resources,Director of Human Resources,50300,,pmahoney,3,TRUE,Full Time,0,C56007,503,Z704701
djoseph,704,C56044,Donna,Joseph,djoseph@anycompany.com,Chicago,US,Finance,Senior Accounting Manager,40330,,dpeterson,3,TRUE,Full Time,0,C56002,Senior Finance Management,Z964272
ckim,105,C56015,Carolyn,Kim,ckim@anycompany.com,Boston,US,Finance,Senior Accounting Manager,40330,,dpeterson,3,TRUE,Full Time,0,C56002,Senior Finance Management,Y581244
dpeterson,111,C56002,Dan,Peterson,dpeterson@anycompany.com,Hong Kong,AsiaPac,Finance,VP of Finance,40200,,datkins,2,TRUE,Full Time,0,C56001,Senior Finance Management,Z960198
