userFieldMappingDetails,5/18/2015 12:29,,,,
userTypeId.code,customFormAttribute.attributeName,pk,listView,columnLoc,searchable
2,UserId,0,1,1,1
2,ValidFrom,0,1,2,0
2,ValidTo,0,1,3,0
2,FirstName,0,1,4,1
2,LastName,0,1,5,1
2,Email,0,0,6,0
2,Building,0,0,7,0
2,ManagerId,0,0,8,0
2,BadgeStatus,0,0,11,0
2,BadgeType,0,0,12,0
2,BadgeValidFrom,0,0,13,0
2,BadgeValidTo,0,0,14,0
2,Location,0,0,15,0
2,BadgeId,0,0,16,0
2,EmployeeType,0,0,9,0
2,Department,0,0,17,0
2,Password,0,0,18,0
2,Groups,0,0,19,0
2,ManagerName,0,0,20,0
2,ManagerLN,0,0,21,0
2,Manager,0,0,22,0
6,ManagerId,0,1,1,0
2,Status,0,0,23,0
2,Telephone,0,0,24,0
2,ImageUpload,0,0,10,0
2,Password_AD,0,0,25,0
2,PacsAllDoors,0,1,26,0
2,PacsHomeAccess,0,1,27,0
2,PacsWorkAccess,0,1,28,0
